Sale price,Regular price,SKU,Name,Short description,Categories,Images
153.8,170.89,PZ439-X0678-ZC,Toyota Auris 2006-2012 Alloy Pitlane 16″,,"['Accessories', 'Auris Mk 1 (2006-2012)', 'Toyota Auris']",https://toyotadirectparts.co.uk/wp-content/uploads/31310.jpg
212.01,235.57,PZ439-E0670-ZC /Auris,Toyota Auris 2006-2012 Alloy Pitlane 17″,,"['Accessories', 'Auris Mk 1 (2006-2012)', 'Toyota Auris']",https://toyotadirectparts.co.uk/wp-content/uploads/PZ439-E0670-ZC_T_1.jpeg
238.43,264.92,PZ439-X0679-ZE /Auris,Toyota Auris 2006-2012 Alloy Pitlane 18″ Anthracite,,"['Accessories', 'Auris Mk 1 (2006-2012)', 'Toyota Auris']",https://toyotadirectparts.co.uk/wp-content/uploads/PZ439-X0679-ZE_T_1.jpeg
153.8,170.89,PZ406-X0677-ZC /Auris,Toyota Auris 2006-2012 Alloy Podium 16″ Silver,,"['Accessories', 'Auris Mk 1 (2006-2012)', 'Toyota Auris']",https://toyotadirectparts.co.uk/wp-content/uploads/PZ406-X0677-ZC_T_1.jpeg
153.8,170.89,PZ406-E067B-ZC /Auris,Toyota Auris 2006-2012 Alloy Suriya 16″,,"['Accessories', 'Auris Mk 1 (2006-2012)', 'Toyota Auris']",https://toyotadirectparts.co.uk/wp-content/uploads/PZ406-E067B-ZC_T_1.jpeg
153.8,170.89,PZ406-E067A-ZC /Auris,Toyota Auris 2006-2012 Alloy Turbine 16″,,"['Accessories', 'Auris Mk 1 (2006-2012)', 'Toyota Auris']",https://toyotadirectparts.co.uk/wp-content/uploads/PZ406-E067A-ZC_T_1.jpeg
80.45,72.59,PZ467-E2180-00 PZ467-E1180-00 /Auris,Toyota Auris 2006-2012 Aluminium Scuff Plates,,"['Accessories', 'Auris Mk 1 (2006-2012)', 'Toyota Auris']",https://toyotadirectparts.co.uk/wp-content/uploads/32041.jpg
41.54,46.15,PZ410-E0351-FA / Auris,Toyota Auris 2006-2012 Anthracite Textile Floor Mats Full Set,,"['Accessories', 'Auris Mk 1 (2006-2012)', 'Toyota Auris']",
66.2,73.56,PZ415-B9521-00,Toyota Auris 2006-2012 Bumper Corner Protectors,,"['Accessories', 'Auris Mk 1 (2006-2012)', 'Toyota Auris']",https://toyotadirectparts.co.uk/wp-content/uploads/PZ415-B9521-00_T_1.jpeg
31.5,35,PZ416-D3341-ZA /Auris,Toyota Auris 2006-2012 Cargo Net,,"['Accessories', 'Auris Mk 1 (2006-2012)', 'Toyota Auris']",https://toyotadirectparts.co.uk/wp-content/uploads/32721.jpg
194.14,215.71,PZ483-E9120-00 /Auris,Toyota Auris 2006-2012 Dog Guard Upper Half,,"['Accessories', 'Auris Mk 1 (2006-2012)', 'Toyota Auris']",https://toyotadirectparts.co.uk/wp-content/uploads/PZ483-E9120-00_T_1.jpeg
6.59,7.32,PZ438-B0182-00 /Auris,Toyota Auris 2006-2012 Door Handle Protection Film,,"['Accessories', 'Auris Mk 1 (2006-2012)', 'Toyota Auris']",https://toyotadirectparts.co.uk/wp-content/uploads/PZ438-B0182-00_T_1.jpeg
61.97,68.86,PZ49L-E0352-RJ /Auris,Toyota Auris 2006-2012 Floor Mats Rubber,,"['Accessories', 'Auris Mk 1 (2006-2012)', 'Toyota Auris']",https://toyotadirectparts.co.uk/wp-content/uploads/32326.jpg
46.11,51.23,PZ410-E9351-NA /Auris,Toyota Auris 2006-2012 Floor Mats Velour Anthracite,,"['Accessories', 'Auris Mk 1 (2006-2012)', 'Toyota Auris']",https://toyotadirectparts.co.uk/wp-content/uploads/PZ410-E9351-NA_T_1.jpeg
29.92,33.24,PZ410-E0351-FN / Auris,Toyota Auris 2006-2012 Floor Mats Velour Beige,,"['Accessories', 'Auris Mk 1 (2006-2012)', 'Toyota Auris']",https://toyotadirectparts.co.uk/wp-content/uploads/PZ410-E9351-NN_T_1.jpeg
157.21,169.96,PZ457-E9516-00 /Auris,Toyota Auris 2006-2012 Fog Lamp Kit,,"['Accessories', 'Auris Mk 1 (2006-2012)', 'Toyota Auris']",https://toyotadirectparts.co.uk/wp-content/uploads/PZ457-E9516-00_T_1.jpeg
156.9,174.34,PZ439-E9444-AB /Auris,Toyota Auris 2006-2012 Front Skirt Toyota Motorsport,,"['Accessories', 'Auris Mk 1 (2006-2012)', 'Toyota Auris']",https://toyotadirectparts.co.uk/wp-content/uploads/PZ439-E9444-AB_T_2.jpeg
119.79,129.5,PZ451-E9951-00 /Auris,Toyota Auris 2006-2012 Head Lamp Cover Set,,"['Accessories', 'Auris Mk 1 (2006-2012)', 'Toyota Auris']",https://toyotadirectparts.co.uk/wp-content/uploads/PZ451-E8991-ZA_T_1.jpeg
192.81,214.24,Homelink /Auris,Toyota Auris 2006-2012 Homelink Ivory / Beige,,"['Accessories', 'Auris Mk 1 (2006-2012)', 'Toyota Auris']",https://toyotadirectparts.co.uk/wp-content/uploads/PZ481-00290-ZD_T_1.jpeg
18.34,20.38,PZ416-E9965-00 Auris,Toyota Auris 2006-2012 Mud Flaps Front Set,,"['Accessories', 'Auris Mk 1 (2006-2012)', 'Toyota Auris']",https://toyotadirectparts.co.uk/wp-content/uploads/33366.jpg
20.35,22.61,PZ416-E1961-00 /Auris,Toyota Auris 2006-2012 Mud Flaps Rear,,"['Accessories', 'Auris Mk 1 (2006-2012)', 'Toyota Auris']",https://toyotadirectparts.co.uk/wp-content/uploads/PZ416-E1961-00_T_1.jpeg
99.75,110.83,PZ464-T0421-00 /Auris,Toyota Auris 2006-2012 Parking Aid Rear Kit,,"['Accessories', 'Auris Mk 1 (2006-2012)', 'Toyota Auris']",https://toyotadirectparts.co.uk/wp-content/uploads/PZ464-T0421-00_T_1.jpeg
32.57,36.19,PZ438-E0187-00 /Auris,Toyota Auris 2006-2012 Rear Bumper Film Anthracite,,"['Accessories', 'Auris Mk 1 (2006-2012)', 'Toyota Auris']",https://toyotadirectparts.co.uk/wp-content/uploads/32853.jpg
41.06,45.62,PZ438-E0186-00 /Auris,Toyota Auris 2006-2012 Rear Bumper Film Black,,"['Accessories', 'Auris Mk 1 (2006-2012)', 'Toyota Auris']",https://toyotadirectparts.co.uk/wp-content/uploads/32852.jpg
37.97,42.19,PZ438-E0188-00 /Auris,Toyota Auris 2006-2012 Rear Bumper Protection Film,,"['Accessories', 'Auris Mk 1 (2006-2012)', 'Toyota Auris']",https://toyotadirectparts.co.uk/wp-content/uploads/PZ438-E0188-00_T_1.jpeg
51.32,57.02,PZ415-E9522-00 /Auris,Toyota Auris 2006-2012 Rear Bumper Protection Plate,,"['Accessories', 'Auris Mk 1 (2006-2012)', 'Toyota Auris']",https://toyotadirectparts.co.uk/wp-content/uploads/PZ415-E9522-00_T_1.jpeg
66.51,73.9,PZ415-B4521-00 /Auris,Toyota Auris 2006-2012 Rear Bumper Protection Plate – Black Plastic,,"['Accessories', 'Auris Mk 1 (2006-2012)', 'Toyota Auris']",https://toyotadirectparts.co.uk/wp-content/uploads/Auris-9.jpg
73.93,82.14,PZ467-E0520-ZB /Auris,Toyota Auris 2006-2012 Rear Bumper Protection Plate – Stainless Steel,,"['Accessories', 'Auris Mk 1 (2006-2012)', 'Toyota Auris']",https://toyotadirectparts.co.uk/wp-content/uploads/Auris-8.jpg
78.22,86.92,PZ415-E9492-ZB /Auris,Toyota Auris 2006-2012 Rear Chrome Garnish,,"['Accessories', 'Auris Mk 1 (2006-2012)', 'Toyota Auris']",https://toyotadirectparts.co.uk/wp-content/uploads/PZ415-E9492-ZB_T_1.jpeg
243.88,263.65,PZ402-E9467-AB /Auris,Toyota Auris 2006-2012 Rear Skirt,,"['Accessories', 'Auris Mk 1 (2006-2012)', 'Toyota Auris']",https://toyotadirectparts.co.uk/wp-content/uploads/PZ402-E9520-ZA_T_1.jpeg
130.8,145.33,PZ473-E9140-00 /Auris,Toyota Auris 2006-2012 Rear View Camera,,"['Accessories', 'Auris Mk 1 (2006-2012)', 'Toyota Auris']",https://toyotadirectparts.co.uk/wp-content/uploads/PZ473-E9140-00_T_1.jpeg
31.22,34.69,PZ417-00140-00 /Auris,Toyota Auris 2006-2012 Rear View Camera Wire Harness,,"['Accessories', 'Auris Mk 1 (2006-2012)', 'Toyota Auris']",https://toyotadirectparts.co.uk/wp-content/uploads/33013.jpg
"1,277.68","1,381.27",87810-04030 /Auris,Toyota Auris 2006-2012 Rear View Mirror,,"['Accessories', 'Auris Mk 1 (2006-2012)', 'Toyota Auris']",https://toyotadirectparts.co.uk/wp-content/uploads/87810-04030_T_1.jpeg
12.07,13.04,87818-04010 /Auris,Toyota Auris 2006-2012 Rear View Mirror Wire Cover,,"['Accessories', 'Auris Mk 1 (2006-2012)', 'Toyota Auris']",https://toyotadirectparts.co.uk/wp-content/uploads/33553.jpg
154.28,171.42,PZ403-E1614-GA /Auris,Toyota Auris 2006-2012 Roof Rack Generation 2004 3Dr,,"['Accessories', 'Auris Mk 1 (2006-2012)', 'Toyota Auris']",https://toyotadirectparts.co.uk/wp-content/uploads/PZ403-E1614-GA_T_1.jpeg
130.95,145.5,PZ403-E2612-GA /Auris,Toyota Auris 2006-2012 Roof Rack Generation 2004 5 Dr,,"['Accessories', 'Auris Mk 1 (2006-2012)', 'Toyota Auris']",https://toyotadirectparts.co.uk/wp-content/uploads/PZ403-E2612-GA_T_1.jpeg
189.82,210.91,PZ439-E9474-AB /Auris,Toyota Auris 2006-2012 Roof Spoiler,,"['Accessories', 'Auris Mk 1 (2006-2012)', 'Toyota Auris']",https://toyotadirectparts.co.uk/wp-content/uploads/PZ439-E9474-AB_T_1.jpeg
60.4,67.12,PZ415-E2851-00 /Auris,Toyota Auris 2006-2012 Side Moulding,,"['Accessories', 'Auris Mk 1 (2006-2012)', 'Toyota Auris']",https://toyotadirectparts.co.uk/wp-content/uploads/PZ415-E2851-00_T_1.jpeg
60.4,67.12,PZ415-E2850-00 /Auris,Toyota Auris 2006-2012 Side Mouldings Black Unpainted For 5Dr,,"['Accessories', 'Auris Mk 1 (2006-2012)', 'Toyota Auris']",https://toyotadirectparts.co.uk/wp-content/uploads/PZ415-E2850-00_T_1.jpeg
139.1,142.67,PZ439-E9481-AB /Auris,Toyota Auris 2006-2012 Side Skirts Sports,,"['Accessories', 'Auris Mk 1 (2006-2012)', 'Toyota Auris']",https://toyotadirectparts.co.uk/wp-content/uploads/31418.jpg
154.18,171.31,PZ474-E067D-ZC /Auris,Toyota Auris 2006-2012 Snowflake 16″ Alloy,,"['Accessories', 'Auris Mk 1 (2006-2012)', 'Toyota Auris']",https://toyotadirectparts.co.uk/wp-content/uploads/PZ474-E067D-ZC_T_1.jpeg
211.51,235.01,PZ474-E067E-ZC / Auris,Toyota Auris 2006-2012 Snowflake 17″ Alloy,,"['Accessories', 'Auris Mk 1 (2006-2012)', 'Toyota Auris']",https://toyotadirectparts.co.uk/wp-content/uploads/PZ474-E067E-ZC_T_1.jpeg
567.28,613.27,PZ439-E9171-01 /Auris,Toyota Auris 2006-2012 Sports Leather Tmmt And Tmuk,,"['Accessories', 'Auris Mk 1 (2006-2012)', 'Toyota Auris']",https://toyotadirectparts.co.uk/wp-content/uploads/PZ439-E9171-01_T_1.jpeg
55.11,61.24,PZ49H-E93A0-BD /Auris,Toyota Auris 2006-2012 Sun Blind Set 3Dr And 5Dr Back Door,,"['Accessories', 'Auris Mk 1 (2006-2012)', 'Toyota Auris']",https://toyotadirectparts.co.uk/wp-content/uploads/PZ49H-E93A0-BD_T_1.jpeg
55.11,61.24,PZ49H-E13A0-QW /Auris,Toyota Auris 2006-2012 Sun Blind Set 3Dr Quarter Window,,"['Accessories', 'Auris Mk 1 (2006-2012)', 'Toyota Auris']",https://toyotadirectparts.co.uk/wp-content/uploads/PZ49H-E13A0-QW_T_1.jpeg
55.11,61.24,PZ49H-E23A0-RD /Auris,Toyota Auris 2006-2012 Sun Blind Set 5Dr Rear Door,,"['Accessories', 'Auris Mk 1 (2006-2012)', 'Toyota Auris']",https://toyotadirectparts.co.uk/wp-content/uploads/PZ49H-E23A0-RD_T_1.jpeg
180.33,200.36,PZ408-E2554-00 /auris,Toyota Auris 2006-2012 Towing Hitch,,"['Accessories', 'Auris Mk 1 (2006-2012)', 'Toyota Auris']",https://toyotadirectparts.co.uk/wp-content/uploads/PZ408-E2552-00_T_1.jpeg
360.67,400.74,PZ408-E2553-00 /Auris,Toyota Auris 2006-2012 Towing Hitch Detachable,,"['Accessories', 'Auris Mk 1 (2006-2012)', 'Toyota Auris']",https://toyotadirectparts.co.uk/wp-content/uploads/PZ408-E2553-00_T_1.jpeg
67.47,74.96,PZ457-E9563-00 / Auris,Toyota Auris 2006-2012 Towing Wiring Kit,,"['Accessories', 'Auris Mk 1 (2006-2012)', 'Toyota Auris']",https://toyotadirectparts.co.uk/wp-content/uploads/32164.jpg
36.76,40.85,PZ434-E1303-PJ /Auris,Toyota Auris 2006-2012 Trunk Liner For Hatch Back With Luggage Tray Above Spare Tyre,,"['Accessories', 'Auris Mk 1 (2006-2012)', 'Toyota Auris']",https://toyotadirectparts.co.uk/wp-content/uploads/PZ434-E1303-PJ_T_1.jpeg
50.01,55.57,PZ434-E1304-PJ /Auris,Toyota Auris 2006-2012 Trunk Liner For Hatch Back Without Luggage Tray Above Spare Tyre,,"['Accessories', 'Auris Mk 1 (2006-2012)', 'Toyota Auris']",https://toyotadirectparts.co.uk/wp-content/uploads/PZ434-E1304-PJ_T_1.jpeg
51.27,56.96,PZ434-E1300-00 /Auris,Toyota Auris 2006-2012 Under Parcel Shelf Storage,,"['Accessories', 'Auris Mk 1 (2006-2012)', 'Toyota Auris']",https://toyotadirectparts.co.uk/wp-content/uploads/PZ434-E1300-00_T_1.jpeg
102.79,114.22,PZ486-00373-00 /Auris,Toyota Auris 2006-2012 Vehicle Kit 1,,"['Accessories', 'Auris Mk 1 (2006-2012)', 'Toyota Auris']",https://toyotadirectparts.co.uk/wp-content/uploads/PZ486-00373-00_T_1.jpeg
31.5,35,PZ472-E0341-ZA / Auris,Toyota Auris 2006-2012 Vertical Cargo Net,,"['Accessories', 'Auris Mk 1 (2006-2012)', 'Toyota Auris']",https://toyotadirectparts.co.uk/wp-content/uploads/PZ472-E0341-ZA_T_1.jpeg
14.82,16.02,PZ457-00298-00 /Auris,Toyota Auris 2006-2012 Wire Harness Kit,,"['Accessories', 'Auris Mk 1 (2006-2012)', 'Toyota Auris']",https://toyotadirectparts.co.uk/wp-content/uploads/PZ4570029800.jpeg
87.71,97.45,PZ457-E9562-00 /Auris,Toyota Auris 2006-2012 Wiring Kit 12N/7 Pin,,"['Accessories', 'Auris Mk 1 (2006-2012)', 'Toyota Auris']",https://toyotadirectparts.co.uk/wp-content/uploads/PZ457-E9562-00_T_1.jpeg
29.92,33.24,PZ410-E9351-NN /Auris,Toyota Auris 2010-2012 Floor Mats Velour Beige,,"['Accessories', 'Auris Mk 1 (2006-2012)', 'Toyota Auris']",https://toyotadirectparts.co.uk/wp-content/uploads/PZ410-E9351-NN_T_1.jpeg
